Time,HallTicket,Name,Action
2026-01-15 19:47:39.215518,Unknown,Unknown,Detected
2026-01-15 19:47:45.321180,Unknown,Unknown,Detected
2026-01-15 19:47:51.426704,Unknown,Unknown,Detected
2026-01-15 19:47:57.503454,Unknown,Unknown,Detected
2026-01-15 19:48:03.552306,Unknown,Unknown,Detected
2026-01-15 19:48:09.666617,Unknown,Unknown,Detected
2026-01-15 19:48:15.763693,Unknown,Unknown,Detected
2026-01-15 19:48:22.858218,Unknown,Unknown,Detected
2026-01-15 19:48:29.500159,Unknown,Unknown,Detected
2026-01-15 19:48:35.577842,Unknown,Unknown,Detected
2026-01-15 19:48:41.722111,Unknown,Unknown,Detected
2026-01-15 19:48:47.805313,Unknown,Unknown,Detected
2026-01-15 19:48:53.919248,Unknown,Unknown,Detected
2026-01-15 19:49:00.035234,Unknown,Unknown,Detected
2026-01-15 19:49:06.109639,Unknown,Unknown,Detected
2026-01-15 19:49:12.239778,Unknown,Unknown,Detected
2026-01-15 19:49:38.892012,Unknown,Unknown,Detected
2026-01-15 19:49:45.138568,Unknown,Unknown,Detected
2026-01-15 19:49:51.171370,Unknown,Unknown,Detected
2026-01-15 19:49:57.217435,Unknown,Unknown,Detected
2026-01-15 19:50:03.288374,Unknown,Unknown,Detected
2026-01-15 19:50:10.156705,Unknown,Unknown,Detected
2026-01-15 19:50:16.329596,Unknown,Unknown,Detected
2026-01-15 19:50:22.394633,Unknown,Unknown,Detected
2026-01-15 19:50:28.448972,Unknown,Unknown,Detected
2026-01-15 19:50:34.484021,Unknown,Unknown,Detected
2026-01-15 19:50:40.539906,Unknown,Unknown,Detected
2026-01-15 19:50:46.580013,Unknown,Unknown,Detected
2026-01-15 19:50:52.615166,Unknown,Unknown,Detected
2026-01-15 19:56:49.992805,Unknown,Unknown,Detected
2026-01-15 19:56:56.052200,Unknown,Unknown,Detected
2026-01-15 19:57:02.089648,Unknown,Unknown,Detected
2026-01-15 19:57:09.601788,Unknown,Unknown,Detected
2026-01-15 19:57:15.647079,Unknown,Unknown,Detected
2026-01-15 19:57:21.761971,Unknown,Unknown,Detected
2026-01-15 19:57:27.819432,Unknown,Unknown,Detected
2026-01-15 19:57:33.929905,Unknown,Unknown,Detected
2026-01-15 19:57:40.012597,Unknown,Unknown,Detected
2026-01-15 19:57:46.095407,Unknown,Unknown,Detected
2026-01-15 19:57:52.164635,Unknown,Unknown,Detected
2026-01-15 19:58:09.598537,Unknown,Unknown,Detected
2026-01-15 19:58:15.638407,Unknown,Unknown,Detected
2026-01-15 19:58:21.720558,Unknown,Unknown,Detected
2026-01-17 12:49:32.362867,Unknown,Unknown,Detected
2026-01-17 12:49:37.462826,Unknown,Unknown,Detected
2026-01-17 12:49:43.529082,Unknown,Unknown,Detected
2026-01-17 12:49:49.609098,Unknown,Unknown,Detected
2026-01-17 14:07:38.637767,Unknown,Unknown,Detected
2026-01-17 14:07:44.641730,Unknown,Unknown,Detected
2026-01-17 14:07:50.707200,Unknown,Unknown,Detected
2026-01-17 14:07:56.793358,Unknown,Unknown,Detected
2026-01-17 14:08:02.869194,Unknown,Unknown,Detected
2026-01-17 14:08:08.944920,Unknown,Unknown,Detected
2026-01-17 14:08:15.062695,Unknown,Unknown,Detected
2026-01-17 14:08:21.126901,Unknown,Unknown,Detected
2026-01-17 14:08:27.229987,Unknown,Unknown,Detected
2026-01-17 14:08:33.274301,Unknown,Unknown,Detected
2026-01-17 14:08:39.344336,Unknown,Unknown,Detected
2026-01-17 14:08:45.479344,Unknown,Unknown,Detected
2026-01-17 14:08:51.548438,Unknown,Unknown,Detected
2026-01-17 14:08:57.653656,Unknown,Unknown,Detected
2026-01-17 14:09:03.733508,Unknown,Unknown,Detected
2026-01-17 14:09:09.805488,Unknown,Unknown,Detected
2026-01-17 14:09:15.881317,Unknown,Unknown,Detected
2026-01-17 14:09:22.282671,Unknown,Unknown,Detected
2026-01-17 14:09:28.373002,Unknown,Unknown,Detected
2026-01-17 14:09:34.468083,Unknown,Unknown,Detected
2026-01-17 14:09:40.531792,Unknown,Unknown,Detected
2026-01-17 14:10:33.118290,Unknown,Unknown,Detected
2026-01-17 14:10:39.146814,Unknown,Unknown,Detected
2026-01-17 14:10:45.243122,Unknown,Unknown,Detected
2026-01-17 14:10:51.306138,Unknown,Unknown,Detected
2026-01-17 14:10:57.374052,Unknown,Unknown,Detected
2026-01-17 14:11:03.454936,Unknown,Unknown,Detected
2026-01-17 14:11:09.583888,Unknown,Unknown,Detected
2026-01-17 14:11:15.639540,Unknown,Unknown,Detected
2026-01-17 14:11:21.690917,Unknown,Unknown,Detected
2026-01-17 14:11:27.802442,Unknown,Unknown,Detected
2026-01-17 14:11:33.871732,Unknown,Unknown,Detected
2026-01-17 14:11:40.031243,Unknown,Unknown,Detected
2026-01-17 14:11:46.111530,Unknown,Unknown,Detected
2026-01-17 14:11:52.193354,Unknown,Unknown,Detected
2026-01-18 15:27:36.646270,Unknown,Unknown,Detected
2026-01-18 15:27:42.648720,Unknown,Unknown,Detected
2026-01-18 15:27:48.700417,Unknown,Unknown,Detected
2026-01-18 15:27:54.751178,Unknown,Unknown,Detected
2026-01-18 15:28:00.791555,Unknown,Unknown,Detected
2026-01-18 15:28:06.831631,Unknown,Unknown,Detected
2026-01-18 15:28:12.954628,Unknown,Unknown,Detected
